{
    "total_sentences": 47,
    "exact_match_count": 1,
    "component_matches": {
        "upameya": {
            "count": 11,
            "percentage": 23.404255319148938
        },
        "upamāna": {
            "count": 10,
            "percentage": 21.27659574468085
        },
        "sādhāraṇadharma": {
            "count": 6,
            "percentage": 12.76595744680851
        },
        "upamādyotaka": {
            "count": 36,
            "percentage": 76.59574468085107
        }
    },
    "overall_match_count": 1,
    "exact_match_percentage": 2.127659574468085,
    "overall_match_percentage": 2.127659574468085
}