{
    "accuracy": 0.5658914728682171,
    "precision": 0.4353865342237435,
    "recall": 0.5658914728682171,
    "f1": 0.49161101487063336,
    "per_corr_reasoning": 0.10077519379844961
}