{
    "accuracy": 0.5948275862068966,
    "precision": 0.4854384605450084,
    "recall": 0.5948275862068966,
    "f1": 0.5333961821553606,
    "per_corr_reasoning": 0.3017241379310345
}