{
    "accuracy": 0.1658914728682171,
    "precision": 0.35348525342237435,
    "recall": 0.1654915718682171,
    "f1": 0.19161101487063646,
    "per_corr_reasoning": 0.05177519379844961
}