{
    "accuracy": 0.2948279362128966,
    "precision": 0.1854384515451084,
    "recall": 0.3949175192068966,
    "f1": 0.1333951125763606,
    "per_corr_reasoning": 0.2074242349310345
}